<annotation>
	<folder>train</folder>
	<filename>1.jpg</filename>
	<path>/home/pineland/tf2gpu_od_docker/models/research/object_detection/test_images/f16_origin/train/1.jpg</path>
	<source>
		<database>Unknown</database>
	</source>
	<size>
		<width>3008</width>
		<height>2000</height>
		<depth>3</depth>
	</size>
	<segmented>0</segmented>
	<object>
		<name>f16</name>
		<pose>Unspecified</pose>
		<truncated>0</truncated>
		<difficult>0</difficult>
		<bndbox>
			<xmin>1236</xmin>
			<ymin>847</ymin>
			<xmax>1491</xmax>
			<ymax>1177</ymax>
		</bndbox>
	</object>
	<object>
		<name>f16ww</name>
		<pose>Unspecified</pose>
		<truncated>0</truncated>
		<difficult>0</difficult>
		<bndbox>
			<xmin>1596</xmin>
			<ymin>862</ymin>
			<xmax>1866</xmax>
			<ymax>1197</ymax>
		</bndbox>
	</object>
</annotation>
