<annotation>
	<folder>train</folder>
	<filename>16.jpg</filename>
	<path>/home/pineland/tf2gpu_od_docker/models/research/object_detection/test_images/f16_origin/train/16.jpg</path>
	<source>
		<database>Unknown</database>
	</source>
	<size>
		<width>350</width>
		<height>219</height>
		<depth>3</depth>
	</size>
	<segmented>0</segmented>
	<object>
		<name>f16ww</name>
		<pose>Unspecified</pose>
		<truncated>0</truncated>
		<difficult>0</difficult>
		<bndbox>
			<xmin>97</xmin>
			<ymin>18</ymin>
			<xmax>331</xmax>
			<ymax>142</ymax>
		</bndbox>
	</object>
</annotation>
