<annotation>
	<folder>train</folder>
	<filename>19.jpg</filename>
	<path>/home/pineland/tf2gpu_od_docker/models/research/object_detection/test_images/f16_origin/train/19.jpg</path>
	<source>
		<database>Unknown</database>
	</source>
	<size>
		<width>4103</width>
		<height>2411</height>
		<depth>3</depth>
	</size>
	<segmented>0</segmented>
	<object>
		<name>f16ww</name>
		<pose>Unspecified</pose>
		<truncated>0</truncated>
		<difficult>0</difficult>
		<bndbox>
			<xmin>771</xmin>
			<ymin>571</ymin>
			<xmax>3579</xmax>
			<ymax>1715</ymax>
		</bndbox>
	</object>
</annotation>
