<annotation>
	<folder>train</folder>
	<filename>21.jpg</filename>
	<path>/home/pineland/tf2gpu_od_docker/models/research/object_detection/test_images/f16/train/21.jpg</path>
	<source>
		<database>Unknown</database>
	</source>
	<size>
		<width>1052</width>
		<height>700</height>
		<depth>3</depth>
	</size>
	<segmented>0</segmented>
	<object>
		<name>f16</name>
		<pose>Unspecified</pose>
		<truncated>0</truncated>
		<difficult>0</difficult>
		<bndbox>
			<xmin>132</xmin>
			<ymin>238</ymin>
			<xmax>804</xmax>
			<ymax>607</ymax>
		</bndbox>
	</object>
	<object>
		<name>f16</name>
		<pose>Unspecified</pose>
		<truncated>0</truncated>
		<difficult>0</difficult>
		<bndbox>
			<xmin>772</xmin>
			<ymin>342</ymin>
			<xmax>863</xmax>
			<ymax>424</ymax>
		</bndbox>
	</object>
</annotation>
