<annotation>
	<folder>train</folder>
	<filename>29.jpg</filename>
	<path>/home/pineland/tf2gpu_od_docker/models/research/object_detection/test_images/f16/train/29.jpg</path>
	<source>
		<database>Unknown</database>
	</source>
	<size>
		<width>1300</width>
		<height>868</height>
		<depth>3</depth>
	</size>
	<segmented>0</segmented>
	<object>
		<name>f16</name>
		<pose>Unspecified</pose>
		<truncated>0</truncated>
		<difficult>0</difficult>
		<bndbox>
			<xmin>536</xmin>
			<ymin>259</ymin>
			<xmax>1202</xmax>
			<ymax>619</ymax>
		</bndbox>
	</object>
</annotation>
