<annotation>
	<folder>train</folder>
	<filename>31.jpg</filename>
	<path>/home/pineland/tf2gpu_od_docker/models/research/object_detection/test_images/f16/train/31.jpg</path>
	<source>
		<database>Unknown</database>
	</source>
	<size>
		<width>844</width>
		<height>1200</height>
		<depth>3</depth>
	</size>
	<segmented>0</segmented>
	<object>
		<name>f16</name>
		<pose>Unspecified</pose>
		<truncated>0</truncated>
		<difficult>0</difficult>
		<bndbox>
			<xmin>60</xmin>
			<ymin>41</ymin>
			<xmax>814</xmax>
			<ymax>1131</ymax>
		</bndbox>
	</object>
</annotation>
