<annotation>
	<folder>train</folder>
	<filename>5.jpg</filename>
	<path>/home/pineland/tf2gpu_od_docker/models/research/object_detection/test_images/f16_origin/train/5.jpg</path>
	<source>
		<database>Unknown</database>
	</source>
	<size>
		<width>626</width>
		<height>519</height>
		<depth>3</depth>
	</size>
	<segmented>0</segmented>
	<object>
		<name>f16ww</name>
		<pose>Unspecified</pose>
		<truncated>0</truncated>
		<difficult>0</difficult>
		<bndbox>
			<xmin>256</xmin>
			<ymin>173</ymin>
			<xmax>318</xmax>
			<ymax>252</ymax>
		</bndbox>
	</object>
	<object>
		<name>f16ww</name>
		<pose>Unspecified</pose>
		<truncated>0</truncated>
		<difficult>0</difficult>
		<bndbox>
			<xmin>200</xmin>
			<ymin>259</ymin>
			<xmax>260</xmax>
			<ymax>334</ymax>
		</bndbox>
	</object>
	<object>
		<name>f16ww</name>
		<pose>Unspecified</pose>
		<truncated>0</truncated>
		<difficult>0</difficult>
		<bndbox>
			<xmin>325</xmin>
			<ymin>299</ymin>
			<xmax>387</xmax>
			<ymax>376</ymax>
		</bndbox>
	</object>
	<object>
		<name>f16ww</name>
		<pose>Unspecified</pose>
		<truncated>0</truncated>
		<difficult>0</difficult>
		<bndbox>
			<xmin>378</xmin>
			<ymin>206</ymin>
			<xmax>441</xmax>
			<ymax>289</ymax>
		</bndbox>
	</object>
</annotation>
