<annotation>
	<folder>train</folder>
	<filename>51.jpg</filename>
	<path>/home/pineland/tf2gpu_od_docker/models/research/object_detection/test_images/f16/train/51.jpg</path>
	<source>
		<database>Unknown</database>
	</source>
	<size>
		<width>4334</width>
		<height>2889</height>
		<depth>3</depth>
	</size>
	<segmented>0</segmented>
	<object>
		<name>f16</name>
		<pose>Unspecified</pose>
		<truncated>0</truncated>
		<difficult>0</difficult>
		<bndbox>
			<xmin>1508</xmin>
			<ymin>1214</ymin>
			<xmax>1730</xmax>
			<ymax>1705</ymax>
		</bndbox>
	</object>
</annotation>
