<annotation>
	<folder>train</folder>
	<filename>52.jpg</filename>
	<path>/home/pineland/tf2gpu_od_docker/models/research/object_detection/test_images/f16/train/52.jpg</path>
	<source>
		<database>Unknown</database>
	</source>
	<size>
		<width>1217</width>
		<height>638</height>
		<depth>3</depth>
	</size>
	<segmented>0</segmented>
	<object>
		<name>f16</name>
		<pose>Unspecified</pose>
		<truncated>0</truncated>
		<difficult>0</difficult>
		<bndbox>
			<xmin>333</xmin>
			<ymin>103</ymin>
			<xmax>810</xmax>
			<ymax>481</ymax>
		</bndbox>
	</object>
</annotation>
