<annotation>
	<folder>train</folder>
	<filename>56.jpg</filename>
	<path>/home/pineland/tf2gpu_od_docker/models/research/object_detection/test_images/f16/train/56.jpg</path>
	<source>
		<database>Unknown</database>
	</source>
	<size>
		<width>1833</width>
		<height>1264</height>
		<depth>3</depth>
	</size>
	<segmented>0</segmented>
	<object>
		<name>f16</name>
		<pose>Unspecified</pose>
		<truncated>0</truncated>
		<difficult>0</difficult>
		<bndbox>
			<xmin>364</xmin>
			<ymin>391</ymin>
			<xmax>426</xmax>
			<ymax>467</ymax>
		</bndbox>
	</object>
	<object>
		<name>f16</name>
		<pose>Unspecified</pose>
		<truncated>0</truncated>
		<difficult>0</difficult>
		<bndbox>
			<xmin>892</xmin>
			<ymin>578</ymin>
			<xmax>968</xmax>
			<ymax>658</ymax>
		</bndbox>
	</object>
	<object>
		<name>f16</name>
		<pose>Unspecified</pose>
		<truncated>0</truncated>
		<difficult>0</difficult>
		<bndbox>
			<xmin>1180</xmin>
			<ymin>602</ymin>
			<xmax>1264</xmax>
			<ymax>686</ymax>
		</bndbox>
	</object>
	<object>
		<name>f16</name>
		<pose>Unspecified</pose>
		<truncated>0</truncated>
		<difficult>0</difficult>
		<bndbox>
			<xmin>1231</xmin>
			<ymin>782</ymin>
			<xmax>1308</xmax>
			<ymax>867</ymax>
		</bndbox>
	</object>
</annotation>
