<annotation>
	<folder>train</folder>
	<filename>67.jpg</filename>
	<path>/home/pineland/tf2gpu_od_docker/models/research/object_detection/test_images/f16/train/67.jpg</path>
	<source>
		<database>Unknown</database>
	</source>
	<size>
		<width>796</width>
		<height>597</height>
		<depth>3</depth>
	</size>
	<segmented>0</segmented>
	<object>
		<name>f16</name>
		<pose>Unspecified</pose>
		<truncated>0</truncated>
		<difficult>0</difficult>
		<bndbox>
			<xmin>622</xmin>
			<ymin>15</ymin>
			<xmax>759</xmax>
			<ymax>207</ymax>
		</bndbox>
	</object>
	<object>
		<name>f16</name>
		<pose>Unspecified</pose>
		<truncated>0</truncated>
		<difficult>0</difficult>
		<bndbox>
			<xmin>417</xmin>
			<ymin>182</ymin>
			<xmax>551</xmax>
			<ymax>362</ymax>
		</bndbox>
	</object>
	<object>
		<name>f16</name>
		<pose>Unspecified</pose>
		<truncated>0</truncated>
		<difficult>0</difficult>
		<bndbox>
			<xmin>203</xmin>
			<ymin>389</ymin>
			<xmax>322</xmax>
			<ymax>563</ymax>
		</bndbox>
	</object>
</annotation>
