<annotation>
	<folder>train</folder>
	<filename>69.jpg</filename>
	<path>/home/pineland/tf2gpu_od_docker/models/research/object_detection/test_images/f16/train/69.jpg</path>
	<source>
		<database>Unknown</database>
	</source>
	<size>
		<width>481</width>
		<height>270</height>
		<depth>3</depth>
	</size>
	<segmented>0</segmented>
	<object>
		<name>f16</name>
		<pose>Unspecified</pose>
		<truncated>0</truncated>
		<difficult>0</difficult>
		<bndbox>
			<xmin>155</xmin>
			<ymin>67</ymin>
			<xmax>338</xmax>
			<ymax>228</ymax>
		</bndbox>
	</object>
</annotation>
