<annotation>
	<folder>train</folder>
	<filename>70.jpg</filename>
	<path>/home/pineland/tf2gpu_od_docker/models/research/object_detection/test_images/f16/train/70.jpg</path>
	<source>
		<database>Unknown</database>
	</source>
	<size>
		<width>483</width>
		<height>273</height>
		<depth>3</depth>
	</size>
	<segmented>0</segmented>
	<object>
		<name>f16</name>
		<pose>Unspecified</pose>
		<truncated>0</truncated>
		<difficult>0</difficult>
		<bndbox>
			<xmin>124</xmin>
			<ymin>142</ymin>
			<xmax>231</xmax>
			<ymax>197</ymax>
		</bndbox>
	</object>
</annotation>
