<annotation>
	<folder>train</folder>
	<filename>100.jpg</filename>
	<path>/home/pineland/tf2gpu_od_docker/models/research/object_detection/test_images/f-16/train/100.jpg</path>
	<source>
		<database>Unknown</database>
	</source>
	<size>
		<width>1900</width>
		<height>1061</height>
		<depth>3</depth>
	</size>
	<segmented>0</segmented>
	<object>
		<name>f-16</name>
		<pose>Unspecified</pose>
		<truncated>0</truncated>
		<difficult>0</difficult>
		<bndbox>
			<xmin>660</xmin>
			<ymin>410</ymin>
			<xmax>912</xmax>
			<ymax>537</ymax>
		</bndbox>
	</object>
</annotation>
