<annotation>
	<folder>train</folder>
	<filename>23.jpg</filename>
	<path>/home/pineland/tf2gpu_od_docker/models/research/object_detection/test_images/f-16/train/23.jpg</path>
	<source>
		<database>Unknown</database>
	</source>
	<size>
		<width>3112</width>
		<height>2377</height>
		<depth>3</depth>
	</size>
	<segmented>0</segmented>
	<object>
		<name>f-16</name>
		<pose>Unspecified</pose>
		<truncated>0</truncated>
		<difficult>0</difficult>
		<bndbox>
			<xmin>566</xmin>
			<ymin>514</ymin>
			<xmax>2725</xmax>
			<ymax>1287</ymax>
		</bndbox>
	</object>
</annotation>
