<annotation>
	<folder>train</folder>
	<filename>24.jpg</filename>
	<path>/home/pineland/tf2gpu_od_docker/models/research/object_detection/test_images/f-16/train/24.jpg</path>
	<source>
		<database>Unknown</database>
	</source>
	<size>
		<width>2971</width>
		<height>2054</height>
		<depth>3</depth>
	</size>
	<segmented>0</segmented>
	<object>
		<name>f-16</name>
		<pose>Unspecified</pose>
		<truncated>0</truncated>
		<difficult>0</difficult>
		<bndbox>
			<xmin>262</xmin>
			<ymin>592</ymin>
			<xmax>2607</xmax>
			<ymax>1508</ymax>
		</bndbox>
	</object>
</annotation>
