<annotation>
	<folder>train</folder>
	<filename>32.jpg</filename>
	<path>/home/pineland/tf2gpu_od_docker/models/research/object_detection/test_images/f-16/train/32.jpg</path>
	<source>
		<database>Unknown</database>
	</source>
	<size>
		<width>2200</width>
		<height>1620</height>
		<depth>3</depth>
	</size>
	<segmented>0</segmented>
	<object>
		<name>f-16</name>
		<pose>Unspecified</pose>
		<truncated>0</truncated>
		<difficult>0</difficult>
		<bndbox>
			<xmin>114</xmin>
			<ymin>154</ymin>
			<xmax>2114</xmax>
			<ymax>1311</ymax>
		</bndbox>
	</object>
</annotation>
