<annotation>
	<folder>train</folder>
	<filename>37.jpg</filename>
	<path>/home/pineland/tf2gpu_od_docker/models/research/object_detection/test_images/f-16/train/37.jpg</path>
	<source>
		<database>Unknown</database>
	</source>
	<size>
		<width>1487</width>
		<height>991</height>
		<depth>3</depth>
	</size>
	<segmented>0</segmented>
	<object>
		<name>f-16</name>
		<pose>Unspecified</pose>
		<truncated>0</truncated>
		<difficult>0</difficult>
		<bndbox>
			<xmin>642</xmin>
			<ymin>292</ymin>
			<xmax>997</xmax>
			<ymax>677</ymax>
		</bndbox>
	</object>
</annotation>
