<annotation>
	<folder>train</folder>
	<filename>42.jpg</filename>
	<path>/home/pineland/tf2gpu_od_docker/models/research/object_detection/test_images/f-16/train/42.jpg</path>
	<source>
		<database>Unknown</database>
	</source>
	<size>
		<width>2400</width>
		<height>1678</height>
		<depth>3</depth>
	</size>
	<segmented>0</segmented>
	<object>
		<name>f-16</name>
		<pose>Unspecified</pose>
		<truncated>0</truncated>
		<difficult>0</difficult>
		<bndbox>
			<xmin>409</xmin>
			<ymin>122</ymin>
			<xmax>785</xmax>
			<ymax>331</ymax>
		</bndbox>
	</object>
	<object>
		<name>f-16</name>
		<pose>Unspecified</pose>
		<truncated>0</truncated>
		<difficult>0</difficult>
		<bndbox>
			<xmin>946</xmin>
			<ymin>682</ymin>
			<xmax>1211</xmax>
			<ymax>782</ymax>
		</bndbox>
	</object>
	<object>
		<name>f-16</name>
		<pose>Unspecified</pose>
		<truncated>0</truncated>
		<difficult>0</difficult>
		<bndbox>
			<xmin>1613</xmin>
			<ymin>917</ymin>
			<xmax>1783</xmax>
			<ymax>994</ymax>
		</bndbox>
	</object>
	<object>
		<name>f-16</name>
		<pose>Unspecified</pose>
		<truncated>0</truncated>
		<difficult>0</difficult>
		<bndbox>
			<xmin>2171</xmin>
			<ymin>1255</ymin>
			<xmax>2246</xmax>
			<ymax>1289</ymax>
		</bndbox>
	</object>
</annotation>
