<annotation>
	<folder>train</folder>
	<filename>59.jpg</filename>
	<path>/home/pineland/tf2gpu_od_docker/models/research/object_detection/test_images/f-16/train/59.jpg</path>
	<source>
		<database>Unknown</database>
	</source>
	<size>
		<width>1300</width>
		<height>731</height>
		<depth>3</depth>
	</size>
	<segmented>0</segmented>
	<object>
		<name>f-16</name>
		<pose>Unspecified</pose>
		<truncated>0</truncated>
		<difficult>0</difficult>
		<bndbox>
			<xmin>55</xmin>
			<ymin>80</ymin>
			<xmax>1145</xmax>
			<ymax>578</ymax>
		</bndbox>
	</object>
</annotation>
