<annotation>
	<folder>train</folder>
	<filename>68.jpg</filename>
	<path>/home/pineland/tf2gpu_od_docker/models/research/object_detection/test_images/f-16/train/68.jpg</path>
	<source>
		<database>Unknown</database>
	</source>
	<size>
		<width>225</width>
		<height>225</height>
		<depth>3</depth>
	</size>
	<segmented>0</segmented>
	<object>
		<name>f-16</name>
		<pose>Unspecified</pose>
		<truncated>0</truncated>
		<difficult>0</difficult>
		<bndbox>
			<xmin>64</xmin>
			<ymin>79</ymin>
			<xmax>138</xmax>
			<ymax>107</ymax>
		</bndbox>
	</object>
</annotation>
