<annotation>
	<folder>train</folder>
	<filename>72.jpg</filename>
	<path>/home/pineland/tf2gpu_od_docker/models/research/object_detection/test_images/f-16/train/72.jpg</path>
	<source>
		<database>Unknown</database>
	</source>
	<size>
		<width>478</width>
		<height>269</height>
		<depth>3</depth>
	</size>
	<segmented>0</segmented>
	<object>
		<name>f-16</name>
		<pose>Unspecified</pose>
		<truncated>0</truncated>
		<difficult>0</difficult>
		<bndbox>
			<xmin>229</xmin>
			<ymin>152</ymin>
			<xmax>258</xmax>
			<ymax>166</ymax>
		</bndbox>
	</object>
</annotation>
