<annotation>
	<folder>train</folder>
	<filename>73.jpg</filename>
	<path>/home/pineland/tf2gpu_od_docker/models/research/object_detection/test_images/f-16/train/73.jpg</path>
	<source>
		<database>Unknown</database>
	</source>
	<size>
		<width>483</width>
		<height>274</height>
		<depth>3</depth>
	</size>
	<segmented>0</segmented>
	<object>
		<name>f-16</name>
		<pose>Unspecified</pose>
		<truncated>0</truncated>
		<difficult>0</difficult>
		<bndbox>
			<xmin>129</xmin>
			<ymin>103</ymin>
			<xmax>141</xmax>
			<ymax>115</ymax>
		</bndbox>
	</object>
</annotation>
