<annotation>
	<folder>train</folder>
	<filename>74.jpg</filename>
	<path>/home/pineland/tf2gpu_od_docker/models/research/object_detection/test_images/f-16/train/74.jpg</path>
	<source>
		<database>Unknown</database>
	</source>
	<size>
		<width>482</width>
		<height>271</height>
		<depth>3</depth>
	</size>
	<segmented>0</segmented>
	<object>
		<name>f-16</name>
		<pose>Unspecified</pose>
		<truncated>0</truncated>
		<difficult>0</difficult>
		<bndbox>
			<xmin>215</xmin>
			<ymin>130</ymin>
			<xmax>250</xmax>
			<ymax>154</ymax>
		</bndbox>
	</object>
</annotation>
