<annotation>
	<folder>train</folder>
	<filename>75.jpg</filename>
	<path>/home/pineland/tf2gpu_od_docker/models/research/object_detection/test_images/f-16/train/75.jpg</path>
	<source>
		<database>Unknown</database>
	</source>
	<size>
		<width>849</width>
		<height>425</height>
		<depth>3</depth>
	</size>
	<segmented>0</segmented>
	<object>
		<name>f-16</name>
		<pose>Unspecified</pose>
		<truncated>0</truncated>
		<difficult>0</difficult>
		<bndbox>
			<xmin>657</xmin>
			<ymin>103</ymin>
			<xmax>816</xmax>
			<ymax>152</ymax>
		</bndbox>
	</object>
</annotation>
