<annotation>
	<folder>train</folder>
	<filename>80.jpg</filename>
	<path>/home/pineland/tf2gpu_od_docker/models/research/object_detection/test_images/f-16/train/80.jpg</path>
	<source>
		<database>Unknown</database>
	</source>
	<size>
		<width>1920</width>
		<height>1080</height>
		<depth>3</depth>
	</size>
	<segmented>0</segmented>
	<object>
		<name>f-16</name>
		<pose>Unspecified</pose>
		<truncated>0</truncated>
		<difficult>0</difficult>
		<bndbox>
			<xmin>520</xmin>
			<ymin>291</ymin>
			<xmax>595</xmax>
			<ymax>336</ymax>
		</bndbox>
	</object>
	<object>
		<name>f-16</name>
		<pose>Unspecified</pose>
		<truncated>0</truncated>
		<difficult>0</difficult>
		<bndbox>
			<xmin>741</xmin>
			<ymin>257</ymin>
			<xmax>820</xmax>
			<ymax>306</ymax>
		</bndbox>
	</object>
	<object>
		<name>f-16</name>
		<pose>Unspecified</pose>
		<truncated>0</truncated>
		<difficult>0</difficult>
		<bndbox>
			<xmin>1182</xmin>
			<ymin>258</ymin>
			<xmax>1261</xmax>
			<ymax>313</ymax>
		</bndbox>
	</object>
	<object>
		<name>f-16</name>
		<pose>Unspecified</pose>
		<truncated>0</truncated>
		<difficult>0</difficult>
		<bndbox>
			<xmin>1255</xmin>
			<ymin>289</ymin>
			<xmax>1327</xmax>
			<ymax>338</ymax>
		</bndbox>
	</object>
</annotation>
