<annotation>
	<folder>train</folder>
	<filename>81.jpg</filename>
	<path>/home/pineland/tf2gpu_od_docker/models/research/object_detection/test_images/f-16/train/81.jpg</path>
	<source>
		<database>Unknown</database>
	</source>
	<size>
		<width>589</width>
		<height>384</height>
		<depth>3</depth>
	</size>
	<segmented>0</segmented>
	<object>
		<name>f-16</name>
		<pose>Unspecified</pose>
		<truncated>0</truncated>
		<difficult>0</difficult>
		<bndbox>
			<xmin>46</xmin>
			<ymin>45</ymin>
			<xmax>251</xmax>
			<ymax>157</ymax>
		</bndbox>
	</object>
	<object>
		<name>f-16</name>
		<pose>Unspecified</pose>
		<truncated>0</truncated>
		<difficult>0</difficult>
		<bndbox>
			<xmin>370</xmin>
			<ymin>194</ymin>
			<xmax>539</xmax>
			<ymax>253</ymax>
		</bndbox>
	</object>
</annotation>
