<annotation>
	<folder>train</folder>
	<filename>89.jpg</filename>
	<path>/home/pineland/tf2gpu_od_docker/models/research/object_detection/test_images/f-16/train/89.jpg</path>
	<source>
		<database>Unknown</database>
	</source>
	<size>
		<width>960</width>
		<height>640</height>
		<depth>3</depth>
	</size>
	<segmented>0</segmented>
	<object>
		<name>f-16</name>
		<pose>Unspecified</pose>
		<truncated>0</truncated>
		<difficult>0</difficult>
		<bndbox>
			<xmin>420</xmin>
			<ymin>188</ymin>
			<xmax>672</xmax>
			<ymax>307</ymax>
		</bndbox>
	</object>
	<object>
		<name>f-16</name>
		<pose>Unspecified</pose>
		<truncated>0</truncated>
		<difficult>0</difficult>
		<bndbox>
			<xmin>609</xmin>
			<ymin>176</ymin>
			<xmax>771</xmax>
			<ymax>256</ymax>
		</bndbox>
	</object>
	<object>
		<name>f-16</name>
		<pose>Unspecified</pose>
		<truncated>0</truncated>
		<difficult>0</difficult>
		<bndbox>
			<xmin>687</xmin>
			<ymin>213</ymin>
			<xmax>790</xmax>
			<ymax>272</ymax>
		</bndbox>
	</object>
	<object>
		<name>f-16</name>
		<pose>Unspecified</pose>
		<truncated>0</truncated>
		<difficult>0</difficult>
		<bndbox>
			<xmin>772</xmin>
			<ymin>222</ymin>
			<xmax>815</xmax>
			<ymax>272</ymax>
		</bndbox>
	</object>
</annotation>
