<annotation>
	<folder>train</folder>
	<filename>96.jpg</filename>
	<path>/home/pineland/tf2gpu_od_docker/models/research/object_detection/test_images/f-16/train/96.jpg</path>
	<source>
		<database>Unknown</database>
	</source>
	<size>
		<width>1181</width>
		<height>602</height>
		<depth>3</depth>
	</size>
	<segmented>0</segmented>
	<object>
		<name>f-16</name>
		<pose>Unspecified</pose>
		<truncated>0</truncated>
		<difficult>0</difficult>
		<bndbox>
			<xmin>706</xmin>
			<ymin>110</ymin>
			<xmax>931</xmax>
			<ymax>185</ymax>
		</bndbox>
	</object>
</annotation>
