<annotation>
	<folder>train</folder>
	<filename>97.jpg</filename>
	<path>/home/pineland/tf2gpu_od_docker/models/research/object_detection/test_images/f-16/train/97.jpg</path>
	<source>
		<database>Unknown</database>
	</source>
	<size>
		<width>697</width>
		<height>902</height>
		<depth>3</depth>
	</size>
	<segmented>0</segmented>
	<object>
		<name>f-16</name>
		<pose>Unspecified</pose>
		<truncated>0</truncated>
		<difficult>0</difficult>
		<bndbox>
			<xmin>484</xmin>
			<ymin>204</ymin>
			<xmax>528</xmax>
			<ymax>230</ymax>
		</bndbox>
	</object>
</annotation>
